[
null,
{"id":1,"list":[{"code":108,"indent":0,"parameters":["House Layers"]},{"code":356,"indent":0,"parameters":["LAYER_S 7 0 House 0 0 255 1 0"]},{"code":356,"indent":0,"parameters":["LAYER_S 7 1 Grey_Bedroom 48 576 255 1 0"]},{"code":356,"indent":0,"parameters":["LAYER_S 7 2 Grey_Kitchen 1296 432 255 1 0"]},{"code":356,"indent":0,"parameters":["LAYER_S 7 3 Grey_MusicRoom 48 48 255 1 0"]},{"code":356,"indent":0,"parameters":["LAYER_S 7 4 Grey_Picture 216 624 255 1 0 0.5 0.5 0 0"]},{"code":356,"indent":0,"parameters":["LAYER_S 7 5 Grey_Stove 1344 528 255 1 0 0 0 0 0"]},{"code":356,"indent":0,"parameters":["LAYER REFRESH"]},{"code":108,"indent":0,"parameters":["Cutscene"]},{"code":261,"indent":0,"parameters":["Opening cutscene"]},{"code":108,"indent":0,"parameters":["Therapist Calls"]},{"code":201,"indent":0,"parameters":[0,7,33,5,8,0]},{"code":211,"indent":0,"parameters":[1]},{"code":241,"indent":0,"parameters":[{"name":"spring","volume":90,"pitch":100,"pan":0}]},{"code":101,"indent":0,"parameters":["MC",4,0,2]},{"code":401,"indent":0,"parameters":["Eugh... who is it now... I swear if it’s another spam call."]},{"code":250,"indent":0,"parameters":[{"name":"ringtone","volume":90,"pitch":100,"pan":0}]},{"code":101,"indent":0,"parameters":["",0,0,2]},{"code":401,"indent":0,"parameters":["Incoming call: \\c[4]Therapist\\c[0]"]},{"code":101,"indent":0,"parameters":["MC",6,0,2]},{"code":401,"indent":0,"parameters":["<WordWrap>Wha? Why is he calling? Could have sworn our session was next month."]},{"code":101,"indent":0,"parameters":["MC",5,0,2]},{"code":401,"indent":0,"parameters":["Hello?"]},{"code":101,"indent":0,"parameters":["",0,0,2]},{"code":401,"indent":0,"parameters":["\\n<Therapist><WordWrap>HOLY SHI... You answered! Are you okay?! This is the tenth time I’ve called this week, I was about to send the police to check in on you."]},{"code":101,"indent":0,"parameters":["MC",2,0,2]},{"code":401,"indent":0,"parameters":["<WordWrap>What? I’m doing fine. Don’t send the cops, please. I’ve... lost track of time I suppose, I think my phone was on silent. I’m just waiting on the couch right now. Wasn’t our next meeting in a month? "]},{"code":101,"indent":0,"parameters":["",0,0,2]},{"code":401,"indent":0,"parameters":["\\n<Therapist><WordWrap>Oh thank goodness. Look I know it must be hard for you right now but I’m here to talk and..."]},{"code":101,"indent":0,"parameters":["",0,0,2]},{"code":401,"indent":0,"parameters":["\\n<Therapist><WordWrap>Wait... What are you waiting for?"]},{"code":101,"indent":0,"parameters":["MC",7,0,2]},{"code":401,"indent":0,"parameters":["<WordWrap>Hmm? Oh, for my wife to come back home. They said they were only heading out for a bit and should be back soon. We were gonna watch this show together, she’s been hounding me about it for weeks. "]},{"code":101,"indent":0,"parameters":["",0,0,2]},{"code":401,"indent":0,"parameters":["\\n<Therapist><WordWrap>I see... Hey, it’s been a while since our last in-person talk. If possible, do you mind coming down to the office today? You can voice any concerns or just talk as long as you want. I can clear as much time as you need."]},{"code":101,"indent":0,"parameters":["MC",5,0,2]},{"code":401,"indent":0,"parameters":["<WordWrap>That’s uhh real generous of you Doctor but sorry. Like I said, I need to wait for my wife. She’ll be back any minute now. "]},{"code":101,"indent":0,"parameters":["",0,0,2]},{"code":401,"indent":0,"parameters":["\\n<Therapist><WordWrap>Alright, alright that’s fine... Hey, by chance, have you ever heard of the five stages of grief?"]},{"code":101,"indent":0,"parameters":["MC",6,0,2]},{"code":401,"indent":0,"parameters":["<WordWrap>Uhh I think so? Anger... bargaining?... depression... acceptance, and what was the other one?"]},{"code":101,"indent":0,"parameters":["",0,0,2]},{"code":401,"indent":0,"parameters":["\\n<Therapist><WordWrap>Denial... It’s the first stage of grief. It’s when something tragic happens to us and our brains, in order to protect us and process the information, pretend that nothing is wrong until it is ready."]},{"code":101,"indent":0,"parameters":["MC",3,0,2]},{"code":401,"indent":0,"parameters":["<WordWrap>Ok? Can you get to the point Doctor? "]},{"code":101,"indent":0,"parameters":["",2,0,2]},{"code":401,"indent":0,"parameters":["\\n<Therapist><WordWrap> *sigh* Do me a favour? Have a look around your house for items that are meaningful to both of you, think of it as homework for our next session. Perhaps start in your \\c[4]Bedroom.\\"]},{"code":101,"indent":0,"parameters":["",0,0,2]},{"code":401,"indent":0,"parameters":["\\n<Therapist><WordWrap>Oh and I’ll probably be calling again every so often to check up on you. Ok, I’ll leave you to it."]},{"code":101,"indent":0,"parameters":["",0,0,2]},{"code":401,"indent":0,"parameters":["*beep*"]},{"code":101,"indent":0,"parameters":["MC",0,0,2]},{"code":401,"indent":0,"parameters":["<WordWrap>That was... strange. Well since I’m waiting anyway, I might as well get a headstart on this “homework”."]},{"code":108,"indent":0,"parameters":["Show Bedroom Colorization"]},{"code":201,"indent":0,"parameters":[0,7,2,21,0,0]},{"code":211,"indent":0,"parameters":[0]},{"code":230,"indent":0,"parameters":[60]},{"code":117,"indent":0,"parameters":[5]},{"code":230,"indent":0,"parameters":[60]},{"code":230,"indent":0,"parameters":[15]},{"code":201,"indent":0,"parameters":[0,7,33,5,8,0]},{"code":211,"indent":0,"parameters":[1]},{"code":230,"indent":0,"parameters":[30]},{"code":205,"indent":0,"parameters":[-1,{"list":[{"code":2,"indent":null},{"code":0}],"repeat":false,"skippable":false,"wait":true}]},{"code":505,"indent":0,"parameters":[{"code":2,"indent":null}]},{"code":0,"indent":0,"parameters":[]}],"name":"Opening","switchId":1,"trigger":0},
{"id":2,"list":[{"code":122,"indent":0,"parameters":[17,17,0,3,5,0,0]},{"code":122,"indent":0,"parameters":[18,18,0,3,5,0,1]},{"code":121,"indent":0,"parameters":[20,20,0]},{"code":205,"indent":0,"parameters":[0,{"list":[{"code":36,"indent":null},{"code":11,"indent":null},{"code":35,"indent":null},{"code":0}],"repeat":false,"skippable":true,"wait":true}]},{"code":505,"indent":0,"parameters":[{"code":36,"indent":null}]},{"code":505,"indent":0,"parameters":[{"code":11,"indent":null}]},{"code":505,"indent":0,"parameters":[{"code":35,"indent":null}]},{"code":122,"indent":0,"parameters":[19,19,0,3,5,0,0]},{"code":122,"indent":0,"parameters":[20,20,0,3,5,0,1]},{"code":111,"indent":0,"parameters":[1,17,1,19,0]},{"code":111,"indent":1,"parameters":[1,18,1,20,0]},{"code":121,"indent":2,"parameters":[20,20,1]},{"code":0,"indent":2,"parameters":[]},{"code":412,"indent":1,"parameters":[]},{"code":0,"indent":1,"parameters":[]},{"code":412,"indent":0,"parameters":[]},{"code":0,"indent":0,"parameters":[]}],"name":"Push Object","switchId":1,"trigger":0},
{"id":3,"list":[{"code":117,"indent":0,"parameters":[9]},{"code":111,"indent":0,"parameters":[8,3]},{"code":0,"indent":1,"parameters":[]},{"code":411,"indent":0,"parameters":[]},{"code":111,"indent":1,"parameters":[0,41,1]},{"code":121,"indent":2,"parameters":[41,41,0]},{"code":122,"indent":2,"parameters":[41,41,0,0,0]},{"code":122,"indent":2,"parameters":[43,43,0,0,0]},{"code":285,"indent":2,"parameters":[45,0,1,11,12]},{"code":205,"indent":2,"parameters":[-1,{"list":[{"code":41,"parameters":["up and down",4],"indent":null},{"code":32,"indent":null},{"code":0}],"repeat":false,"skippable":true,"wait":true}]},{"code":505,"indent":2,"parameters":[{"code":41,"parameters":["up and down",4],"indent":null}]},{"code":505,"indent":2,"parameters":[{"code":32,"indent":null}]},{"code":112,"indent":2,"parameters":[]},{"code":122,"indent":3,"parameters":[42,42,0,3,5,-1,0]},{"code":122,"indent":3,"parameters":[44,44,0,3,5,-1,1]},{"code":285,"indent":3,"parameters":[46,0,1,42,44]},{"code":111,"indent":3,"parameters":[1,43,1,44,0]},{"code":111,"indent":4,"parameters":[1,41,1,42,0]},{"code":113,"indent":5,"parameters":[]},{"code":0,"indent":5,"parameters":[]},{"code":412,"indent":4,"parameters":[]},{"code":0,"indent":4,"parameters":[]},{"code":412,"indent":3,"parameters":[]},{"code":111,"indent":3,"parameters":[1,45,1,46,5]},{"code":113,"indent":4,"parameters":[]},{"code":0,"indent":4,"parameters":[]},{"code":412,"indent":3,"parameters":[]},{"code":111,"indent":3,"parameters":[1,11,0,7,1]},{"code":111,"indent":4,"parameters":[1,11,0,9,2]},{"code":111,"indent":5,"parameters":[1,12,0,5,1]},{"code":111,"indent":6,"parameters":[1,12,0,7,2]},{"code":113,"indent":7,"parameters":[]},{"code":0,"indent":7,"parameters":[]},{"code":412,"indent":6,"parameters":[]},{"code":0,"indent":6,"parameters":[]},{"code":412,"indent":5,"parameters":[]},{"code":0,"indent":5,"parameters":[]},{"code":412,"indent":4,"parameters":[]},{"code":0,"indent":4,"parameters":[]},{"code":412,"indent":3,"parameters":[]},{"code":122,"indent":3,"parameters":[41,41,0,1,42]},{"code":122,"indent":3,"parameters":[43,43,0,1,44]},{"code":122,"indent":3,"parameters":[45,45,0,1,46]},{"code":205,"indent":3,"parameters":[-1,{"list":[{"code":12,"indent":null},{"code":41,"parameters":["up and down",4],"indent":null},{"code":0}],"repeat":false,"skippable":true,"wait":true}]},{"code":505,"indent":3,"parameters":[{"code":12,"indent":null}]},{"code":505,"indent":3,"parameters":[{"code":41,"parameters":["up and down",4],"indent":null}]},{"code":0,"indent":3,"parameters":[]},{"code":413,"indent":2,"parameters":[]},{"code":230,"indent":2,"parameters":[20]},{"code":205,"indent":2,"parameters":[-1,{"list":[{"code":41,"parameters":["!Walk",0],"indent":null},{"code":31,"indent":null},{"code":0}],"repeat":false,"skippable":false,"wait":true}]},{"code":505,"indent":2,"parameters":[{"code":41,"parameters":["!Walk",0],"indent":null}]},{"code":505,"indent":2,"parameters":[{"code":31,"indent":null}]},{"code":121,"indent":2,"parameters":[41,41,1]},{"code":115,"indent":2,"parameters":[]},{"code":0,"indent":2,"parameters":[]},{"code":412,"indent":1,"parameters":[]},{"code":0,"indent":1,"parameters":[]},{"code":412,"indent":0,"parameters":[]},{"code":111,"indent":0,"parameters":[1,10,0,10,0]},{"code":111,"indent":1,"parameters":[0,41,1]},{"code":121,"indent":2,"parameters":[41,41,0]},{"code":122,"indent":2,"parameters":[41,41,0,0,0]},{"code":122,"indent":2,"parameters":[43,43,0,0,0]},{"code":285,"indent":2,"parameters":[45,0,1,11,12]},{"code":205,"indent":2,"parameters":[-1,{"list":[{"code":41,"parameters":["up and down",4],"indent":null},{"code":32,"indent":null},{"code":0}],"repeat":false,"skippable":true,"wait":true}]},{"code":505,"indent":2,"parameters":[{"code":41,"parameters":["up and down",4],"indent":null}]},{"code":505,"indent":2,"parameters":[{"code":32,"indent":null}]},{"code":112,"indent":2,"parameters":[]},{"code":122,"indent":3,"parameters":[42,42,0,3,5,-1,0]},{"code":122,"indent":3,"parameters":[44,44,0,3,5,-1,1]},{"code":285,"indent":3,"parameters":[46,0,1,42,44]},{"code":117,"indent":3,"parameters":[9]},{"code":111,"indent":3,"parameters":[1,10,0,10,5]},{"code":113,"indent":4,"parameters":[]},{"code":0,"indent":4,"parameters":[]},{"code":412,"indent":3,"parameters":[]},{"code":111,"indent":3,"parameters":[1,43,1,44,0]},{"code":111,"indent":4,"parameters":[1,41,1,42,0]},{"code":113,"indent":5,"parameters":[]},{"code":0,"indent":5,"parameters":[]},{"code":412,"indent":4,"parameters":[]},{"code":0,"indent":4,"parameters":[]},{"code":412,"indent":3,"parameters":[]},{"code":111,"indent":3,"parameters":[1,45,1,46,5]},{"code":113,"indent":4,"parameters":[]},{"code":0,"indent":4,"parameters":[]},{"code":412,"indent":3,"parameters":[]},{"code":111,"indent":3,"parameters":[1,11,0,7,1]},{"code":111,"indent":4,"parameters":[1,11,0,9,2]},{"code":111,"indent":5,"parameters":[1,12,0,5,1]},{"code":111,"indent":6,"parameters":[1,12,0,7,2]},{"code":113,"indent":7,"parameters":[]},{"code":0,"indent":7,"parameters":[]},{"code":412,"indent":6,"parameters":[]},{"code":0,"indent":6,"parameters":[]},{"code":412,"indent":5,"parameters":[]},{"code":0,"indent":5,"parameters":[]},{"code":412,"indent":4,"parameters":[]},{"code":0,"indent":4,"parameters":[]},{"code":412,"indent":3,"parameters":[]},{"code":122,"indent":3,"parameters":[41,41,0,1,42]},{"code":122,"indent":3,"parameters":[43,43,0,1,44]},{"code":122,"indent":3,"parameters":[45,45,0,1,46]},{"code":205,"indent":3,"parameters":[-1,{"list":[{"code":12,"indent":null},{"code":41,"parameters":["up and down",4],"indent":null},{"code":0}],"repeat":false,"skippable":true,"wait":true}]},{"code":505,"indent":3,"parameters":[{"code":12,"indent":null}]},{"code":505,"indent":3,"parameters":[{"code":41,"parameters":["up and down",4],"indent":null}]},{"code":0,"indent":3,"parameters":[]},{"code":413,"indent":2,"parameters":[]},{"code":230,"indent":2,"parameters":[20]},{"code":205,"indent":2,"parameters":[-1,{"list":[{"code":41,"parameters":["!Walk",0],"indent":null},{"code":31,"indent":null},{"code":0}],"repeat":false,"skippable":false,"wait":true}]},{"code":505,"indent":2,"parameters":[{"code":41,"parameters":["!Walk",0],"indent":null}]},{"code":505,"indent":2,"parameters":[{"code":31,"indent":null}]},{"code":0,"indent":2,"parameters":[]},{"code":412,"indent":1,"parameters":[]},{"code":0,"indent":1,"parameters":[]},{"code":411,"indent":0,"parameters":[]},{"code":0,"indent":1,"parameters":[]},{"code":412,"indent":0,"parameters":[]},{"code":121,"indent":0,"parameters":[41,41,1]},{"code":0,"indent":0,"parameters":[]}],"name":"Slide(Player)","switchId":1,"trigger":0},
{"id":4,"list":[{"code":250,"indent":0,"parameters":[{"name":"ringtone","volume":90,"pitch":100,"pan":0}]},{"code":101,"indent":0,"parameters":["",0,0,2]},{"code":401,"indent":0,"parameters":["Incoming call: \\c[4]Therapist\\c[0]"]},{"code":101,"indent":0,"parameters":["",0,0,2]},{"code":401,"indent":0,"parameters":["\\n<Therapist><WordWrap>Hey bud\\., just checking in to see how you are feeling today."]},{"code":101,"indent":0,"parameters":["",0,0,2]},{"code":401,"indent":0,"parameters":["\\n<Therapist><WordWrap>Remember, \\.if you think you can’t make any more progress, or you just need a day to \\c[4]RESET\\c[0] then feel free to stop and try again tomorrow by heading to bed or by pressing \\c[4]TAB\\c[0]"]},{"code":0,"indent":0,"parameters":[]}],"name":"Puzzle Softlock","switchId":1,"trigger":0},
{"id":5,"list":[{"code":108,"indent":0,"parameters":["Animate Colourization"]},{"code":122,"indent":0,"parameters":[3,3,0,0,255]},{"code":356,"indent":0,"parameters":["LAYER_S 7 1 Grey_Bedroom 48 576 v003 1 0"]},{"code":356,"indent":0,"parameters":["LAYER REFRESH"]},{"code":112,"indent":0,"parameters":[]},{"code":111,"indent":1,"parameters":[1,3,1,5,1]},{"code":122,"indent":2,"parameters":[3,3,2,1,4]},{"code":356,"indent":2,"parameters":["LAYER_S 7 1 Grey_Bedroom 48 576 v003 1 0"]},{"code":356,"indent":2,"parameters":["LAYER REFRESH"]},{"code":230,"indent":2,"parameters":[1]},{"code":0,"indent":2,"parameters":[]},{"code":411,"indent":1,"parameters":[]},{"code":122,"indent":2,"parameters":[3,3,0,0,0]},{"code":356,"indent":2,"parameters":["LAYER REMOVE 7 1"]},{"code":356,"indent":2,"parameters":["LAYER REFRESH"]},{"code":113,"indent":2,"parameters":[]},{"code":0,"indent":2,"parameters":[]},{"code":412,"indent":1,"parameters":[]},{"code":0,"indent":1,"parameters":[]},{"code":413,"indent":0,"parameters":[]},{"code":122,"indent":0,"parameters":[3,3,0,0,255]},{"code":121,"indent":0,"parameters":[10,10,1]},{"code":0,"indent":0,"parameters":[]}],"name":"Colorize Bedroom","switchId":1,"trigger":0},
{"id":6,"list":[{"code":108,"indent":0,"parameters":["Animate Colourization"]},{"code":122,"indent":0,"parameters":[3,3,0,0,255]},{"code":356,"indent":0,"parameters":["LAYER_S 7 2 Grey_Kitchen 1296 432 v003 5 0"]},{"code":356,"indent":0,"parameters":["LAYER REFRESH"]},{"code":112,"indent":0,"parameters":[]},{"code":111,"indent":1,"parameters":[1,3,1,5,1]},{"code":122,"indent":2,"parameters":[3,3,2,1,4]},{"code":356,"indent":2,"parameters":["LAYER_S 7 2 Grey_Kitchen 1296 432 v003 5 0"]},{"code":356,"indent":2,"parameters":["LAYER REFRESH"]},{"code":230,"indent":2,"parameters":[1]},{"code":0,"indent":2,"parameters":[]},{"code":411,"indent":1,"parameters":[]},{"code":122,"indent":2,"parameters":[3,3,0,0,0]},{"code":356,"indent":2,"parameters":["LAYER REMOVE 7 2"]},{"code":356,"indent":2,"parameters":["LAYER REFRESH"]},{"code":113,"indent":2,"parameters":[]},{"code":0,"indent":2,"parameters":[]},{"code":412,"indent":1,"parameters":[]},{"code":0,"indent":1,"parameters":[]},{"code":413,"indent":0,"parameters":[]},{"code":122,"indent":0,"parameters":[3,3,0,0,255]},{"code":121,"indent":0,"parameters":[11,11,1]},{"code":0,"indent":0,"parameters":[]}],"name":"Colorize Kitchen","switchId":1,"trigger":0},
{"id":7,"list":[{"code":108,"indent":0,"parameters":["Animate Colourization"]},{"code":122,"indent":0,"parameters":[3,3,0,0,255]},{"code":356,"indent":0,"parameters":["LAYER_S 7 3 Grey_MusicRoom_Anger 48 48 v0003 5 0"]},{"code":356,"indent":0,"parameters":["LAYER REFRESH"]},{"code":112,"indent":0,"parameters":[]},{"code":111,"indent":1,"parameters":[1,3,1,5,1]},{"code":122,"indent":2,"parameters":[3,3,2,1,4]},{"code":356,"indent":2,"parameters":["LAYER_S 7 3 Grey_MusicRoom_Anger 48 48 v0003 5 0"]},{"code":356,"indent":2,"parameters":["LAYER REFRESH"]},{"code":230,"indent":2,"parameters":[1]},{"code":0,"indent":2,"parameters":[]},{"code":411,"indent":1,"parameters":[]},{"code":122,"indent":2,"parameters":[3,3,0,0,0]},{"code":356,"indent":2,"parameters":["LAYER REMOVE 7 3"]},{"code":356,"indent":2,"parameters":["LAYER REFRESH"]},{"code":113,"indent":2,"parameters":[]},{"code":0,"indent":2,"parameters":[]},{"code":412,"indent":1,"parameters":[]},{"code":0,"indent":1,"parameters":[]},{"code":413,"indent":0,"parameters":[]},{"code":122,"indent":0,"parameters":[3,3,0,0,255]},{"code":121,"indent":0,"parameters":[12,12,1]},{"code":0,"indent":0,"parameters":[]}],"name":"Colorize Music Room","switchId":1,"trigger":0},
{"id":8,"list":[{"code":108,"indent":0,"parameters":["Animate Colourization"]},{"code":122,"indent":0,"parameters":[3,3,0,0,255]},{"code":356,"indent":0,"parameters":["LAYER_S 8 1 Grey_Basement 48 48 v0003 5 0"]},{"code":356,"indent":0,"parameters":["LAYER REFRESH"]},{"code":112,"indent":0,"parameters":[]},{"code":111,"indent":1,"parameters":[1,3,1,5,1]},{"code":122,"indent":2,"parameters":[3,3,2,1,4]},{"code":356,"indent":2,"parameters":["LAYER_S 8 1 Grey_Basement 48 48 v0003 5 0"]},{"code":356,"indent":2,"parameters":["LAYER REFRESH"]},{"code":230,"indent":2,"parameters":[1]},{"code":0,"indent":2,"parameters":[]},{"code":411,"indent":1,"parameters":[]},{"code":122,"indent":2,"parameters":[3,3,0,0,0]},{"code":356,"indent":2,"parameters":["LAYER REMOVE 8 1"]},{"code":356,"indent":2,"parameters":["LAYER REFRESH"]},{"code":113,"indent":2,"parameters":[]},{"code":0,"indent":2,"parameters":[]},{"code":412,"indent":1,"parameters":[]},{"code":0,"indent":1,"parameters":[]},{"code":413,"indent":0,"parameters":[]},{"code":122,"indent":0,"parameters":[3,3,0,0,255]},{"code":121,"indent":0,"parameters":[13,13,1]},{"code":0,"indent":0,"parameters":[]}],"name":"Colorize Basement","switchId":1,"trigger":0},
{"id":9,"list":[{"code":285,"indent":0,"parameters":[10,6,1,11,12]},{"code":285,"indent":0,"parameters":[16,6,1,19,20]},{"code":285,"indent":0,"parameters":[15,1,1,19,20]},{"code":0,"indent":0,"parameters":[]}],"name":"Get Position Info","switchId":1,"trigger":0},
{"id":10,"list":[{"code":112,"indent":0,"parameters":[]},{"code":111,"indent":1,"parameters":[1,19,1,17,0]},{"code":111,"indent":2,"parameters":[1,20,1,18,0]},{"code":113,"indent":3,"parameters":[]},{"code":0,"indent":3,"parameters":[]},{"code":412,"indent":2,"parameters":[]},{"code":0,"indent":2,"parameters":[]},{"code":412,"indent":1,"parameters":[]},{"code":117,"indent":1,"parameters":[9]},{"code":111,"indent":1,"parameters":[1,16,0,10,0]},{"code":117,"indent":2,"parameters":[2]},{"code":0,"indent":2,"parameters":[]},{"code":411,"indent":1,"parameters":[]},{"code":113,"indent":2,"parameters":[]},{"code":0,"indent":2,"parameters":[]},{"code":412,"indent":1,"parameters":[]},{"code":0,"indent":1,"parameters":[]},{"code":413,"indent":0,"parameters":[]},{"code":0,"indent":0,"parameters":[]}],"name":"Slide(Snowball)","switchId":1,"trigger":0},
{"id":11,"list":[{"code":108,"indent":0,"parameters":["Move"]},{"code":117,"indent":0,"parameters":[2]},{"code":111,"indent":0,"parameters":[0,20,0]},{"code":250,"indent":1,"parameters":[{"name":"Earth4","volume":50,"pitch":90,"pan":0}]},{"code":0,"indent":1,"parameters":[]},{"code":412,"indent":0,"parameters":[]},{"code":108,"indent":0,"parameters":["Check Regions"]},{"code":117,"indent":0,"parameters":[9]},{"code":111,"indent":0,"parameters":[1,16,0,1,0]},{"code":111,"indent":1,"parameters":[1,8,0,0,0]},{"code":117,"indent":2,"parameters":[4]},{"code":122,"indent":2,"parameters":[8,8,0,0,5]},{"code":0,"indent":2,"parameters":[]},{"code":411,"indent":1,"parameters":[]},{"code":122,"indent":2,"parameters":[8,8,2,0,1]},{"code":0,"indent":2,"parameters":[]},{"code":412,"indent":1,"parameters":[]},{"code":0,"indent":1,"parameters":[]},{"code":412,"indent":0,"parameters":[]},{"code":108,"indent":0,"parameters":["Check Buttons"]},{"code":111,"indent":0,"parameters":[1,19,1,21,0]},{"code":111,"indent":1,"parameters":[1,20,1,22,0]},{"code":123,"indent":2,"parameters":["A",0]},{"code":121,"indent":2,"parameters":[26,26,0]},{"code":0,"indent":2,"parameters":[]},{"code":412,"indent":1,"parameters":[]},{"code":0,"indent":1,"parameters":[]},{"code":412,"indent":0,"parameters":[]},{"code":111,"indent":0,"parameters":[1,19,1,23,0]},{"code":111,"indent":1,"parameters":[1,20,1,24,0]},{"code":123,"indent":2,"parameters":["B",0]},{"code":121,"indent":2,"parameters":[27,27,0]},{"code":0,"indent":2,"parameters":[]},{"code":412,"indent":1,"parameters":[]},{"code":0,"indent":1,"parameters":[]},{"code":412,"indent":0,"parameters":[]},{"code":111,"indent":0,"parameters":[1,19,1,25,0]},{"code":111,"indent":1,"parameters":[1,20,1,26,0]},{"code":123,"indent":2,"parameters":["C",0]},{"code":121,"indent":2,"parameters":[28,28,0]},{"code":0,"indent":2,"parameters":[]},{"code":412,"indent":1,"parameters":[]},{"code":0,"indent":1,"parameters":[]},{"code":412,"indent":0,"parameters":[]},{"code":111,"indent":0,"parameters":[1,19,1,27,0]},{"code":111,"indent":1,"parameters":[1,20,1,28,0]},{"code":123,"indent":2,"parameters":["D",0]},{"code":121,"indent":2,"parameters":[29,29,0]},{"code":0,"indent":2,"parameters":[]},{"code":412,"indent":1,"parameters":[]},{"code":0,"indent":1,"parameters":[]},{"code":412,"indent":0,"parameters":[]},{"code":0,"indent":0,"parameters":[]}],"name":"Denial Boulder","switchId":1,"trigger":0},
{"id":12,"list":[{"code":117,"indent":0,"parameters":[2]},{"code":111,"indent":0,"parameters":[0,20,0]},{"code":250,"indent":1,"parameters":[{"name":"Earth4","volume":50,"pitch":90,"pan":0}]},{"code":0,"indent":1,"parameters":[]},{"code":412,"indent":0,"parameters":[]},{"code":108,"indent":0,"parameters":["Check Regions"]},{"code":117,"indent":0,"parameters":[9]},{"code":111,"indent":0,"parameters":[1,16,0,1,0]},{"code":111,"indent":1,"parameters":[1,8,0,0,0]},{"code":117,"indent":2,"parameters":[4]},{"code":122,"indent":2,"parameters":[8,8,0,0,5]},{"code":0,"indent":2,"parameters":[]},{"code":411,"indent":1,"parameters":[]},{"code":122,"indent":2,"parameters":[8,8,2,0,1]},{"code":0,"indent":2,"parameters":[]},{"code":412,"indent":1,"parameters":[]},{"code":0,"indent":1,"parameters":[]},{"code":412,"indent":0,"parameters":[]},{"code":111,"indent":0,"parameters":[1,16,0,2,0]},{"code":111,"indent":1,"parameters":[0,55,1]},{"code":101,"indent":2,"parameters":["MC",3,0,2]},{"code":401,"indent":2,"parameters":["<WordWrap>Dammit this boulder can't be moved out of the way! \\c[1]DESTROYING\\c[0] the boulder may be the only option..."]},{"code":0,"indent":2,"parameters":[]},{"code":412,"indent":1,"parameters":[]},{"code":0,"indent":1,"parameters":[]},{"code":412,"indent":0,"parameters":[]},{"code":108,"indent":0,"parameters":["Check Buttons"]},{"code":111,"indent":0,"parameters":[1,19,1,70,0]},{"code":111,"indent":1,"parameters":[1,20,1,71,0]},{"code":123,"indent":2,"parameters":["A",0]},{"code":121,"indent":2,"parameters":[70,70,0]},{"code":0,"indent":2,"parameters":[]},{"code":412,"indent":1,"parameters":[]},{"code":0,"indent":1,"parameters":[]},{"code":412,"indent":0,"parameters":[]},{"code":111,"indent":0,"parameters":[1,19,1,72,0]},{"code":111,"indent":1,"parameters":[1,20,1,73,0]},{"code":123,"indent":2,"parameters":["B",0]},{"code":121,"indent":2,"parameters":[71,71,0]},{"code":0,"indent":2,"parameters":[]},{"code":412,"indent":1,"parameters":[]},{"code":0,"indent":1,"parameters":[]},{"code":412,"indent":0,"parameters":[]},{"code":111,"indent":0,"parameters":[1,19,1,74,0]},{"code":111,"indent":1,"parameters":[1,20,1,75,0]},{"code":123,"indent":2,"parameters":["C",0]},{"code":121,"indent":2,"parameters":[72,72,0]},{"code":0,"indent":2,"parameters":[]},{"code":412,"indent":1,"parameters":[]},{"code":0,"indent":1,"parameters":[]},{"code":412,"indent":0,"parameters":[]},{"code":111,"indent":0,"parameters":[1,19,1,76,0]},{"code":111,"indent":1,"parameters":[1,20,1,77,0]},{"code":123,"indent":2,"parameters":["D",0]},{"code":121,"indent":2,"parameters":[73,73,0]},{"code":0,"indent":2,"parameters":[]},{"code":412,"indent":1,"parameters":[]},{"code":0,"indent":1,"parameters":[]},{"code":412,"indent":0,"parameters":[]},{"code":0,"indent":0,"parameters":[]}],"name":"Anger Boulder","switchId":1,"trigger":0},
{"id":13,"list":[{"code":250,"indent":0,"parameters":[{"name":"snowball","volume":50,"pitch":90,"pan":0}]},{"code":117,"indent":0,"parameters":[2]},{"code":117,"indent":0,"parameters":[10]},{"code":108,"indent":0,"parameters":["Check Buttons"]},{"code":111,"indent":0,"parameters":[1,19,1,53,0]},{"code":111,"indent":1,"parameters":[1,20,1,54,0]},{"code":123,"indent":2,"parameters":["A",0]},{"code":121,"indent":2,"parameters":[62,62,0]},{"code":0,"indent":2,"parameters":[]},{"code":412,"indent":1,"parameters":[]},{"code":0,"indent":1,"parameters":[]},{"code":412,"indent":0,"parameters":[]},{"code":111,"indent":0,"parameters":[1,19,1,55,0]},{"code":111,"indent":1,"parameters":[1,20,1,56,0]},{"code":123,"indent":2,"parameters":["B",0]},{"code":121,"indent":2,"parameters":[61,61,0]},{"code":0,"indent":2,"parameters":[]},{"code":412,"indent":1,"parameters":[]},{"code":0,"indent":1,"parameters":[]},{"code":412,"indent":0,"parameters":[]},{"code":111,"indent":0,"parameters":[1,19,1,52,0]},{"code":111,"indent":1,"parameters":[1,20,1,58,0]},{"code":123,"indent":2,"parameters":["C",0]},{"code":121,"indent":2,"parameters":[69,69,0]},{"code":0,"indent":2,"parameters":[]},{"code":412,"indent":1,"parameters":[]},{"code":0,"indent":1,"parameters":[]},{"code":412,"indent":0,"parameters":[]},{"code":111,"indent":0,"parameters":[1,19,1,59,0]},{"code":111,"indent":1,"parameters":[1,20,1,60,0]},{"code":123,"indent":2,"parameters":["D",0]},{"code":121,"indent":2,"parameters":[68,68,0]},{"code":0,"indent":2,"parameters":[]},{"code":412,"indent":1,"parameters":[]},{"code":0,"indent":1,"parameters":[]},{"code":412,"indent":0,"parameters":[]},{"code":0,"indent":0,"parameters":[]}],"name":"Depression Boulder","switchId":1,"trigger":0},
{"id":14,"list":[{"code":221,"indent":0,"parameters":[]},{"code":122,"indent":0,"parameters":[7,7,1,0,1]},{"code":250,"indent":0,"parameters":[{"name":"sleep","volume":40,"pitch":100,"pan":0}]},{"code":230,"indent":0,"parameters":[30]},{"code":101,"indent":0,"parameters":["MC",0,0,2]},{"code":401,"indent":0,"parameters":["I'll try again tomorrow."]},{"code":121,"indent":0,"parameters":[1,1,0]},{"code":230,"indent":0,"parameters":[30]},{"code":222,"indent":0,"parameters":[]},{"code":111,"indent":0,"parameters":[1,7,0,5,3]},{"code":122,"indent":1,"parameters":[7,7,0,0,0]},{"code":101,"indent":1,"parameters":["",0,0,2]},{"code":401,"indent":1,"parameters":["If you are having trouble with a puzzle and would like"]},{"code":401,"indent":1,"parameters":["the solution, you can try interacting with the MAP on "]},{"code":401,"indent":1,"parameters":["the table."]},{"code":0,"indent":1,"parameters":[]},{"code":412,"indent":0,"parameters":[]},{"code":0,"indent":0,"parameters":[]}],"name":"Puzzle Reset","switchId":1,"trigger":0},
{"id":15,"list":[{"code":0,"indent":0,"parameters":[]}],"name":"","switchId":1,"trigger":0},
{"id":16,"list":[{"code":111,"indent":0,"parameters":[0,48,1]},{"code":108,"indent":1,"parameters":["Display the layer images"]},{"code":111,"indent":1,"parameters":[1,1,0,1,4]},{"code":356,"indent":2,"parameters":["LAYER_S 4 1 Grey_Picture 120 108 255 4 0 0.5 0.5 0 0"]},{"code":0,"indent":2,"parameters":[]},{"code":411,"indent":1,"parameters":[]},{"code":356,"indent":2,"parameters":["LAYER_S 4 1 Picture 120 108 255 4 0 0.5 0.5 0 0"]},{"code":0,"indent":2,"parameters":[]},{"code":412,"indent":1,"parameters":[]},{"code":356,"indent":1,"parameters":["LAYER_S 4 2 Picture 456 108 255 4 0 0.5 0.5 0 0"]},{"code":356,"indent":1,"parameters":["LAYER REFRESH"]},{"code":108,"indent":1,"parameters":["Text"]},{"code":250,"indent":1,"parameters":[{"name":"ringtone","volume":90,"pitch":100,"pan":0}]},{"code":101,"indent":1,"parameters":["",0,0,2]},{"code":401,"indent":1,"parameters":["\\n<Therapist><WordWrap> Hey bud! Listen, I’ve got some general tips for you to think about as you complete the homework I gave you earlier."]},{"code":101,"indent":1,"parameters":["",0,0,2]},{"code":401,"indent":1,"parameters":["\\n<Therapist><WordWrap>The mind is a tricky thing. Sometimes it tries to help us by hiding away certain facts that hurt us. "]},{"code":101,"indent":1,"parameters":["",0,0,2]},{"code":401,"indent":1,"parameters":["\\n<Therapist><WordWrap>You can think of the mind as being partially made up of \\c[4]movable blocks, locked doors\\c[0] and \\c[4]switches\\c[0]."]},{"code":101,"indent":1,"parameters":["",0,0,2]},{"code":401,"indent":1,"parameters":["\\n<Therapist><WordWrap>The blocks clutter your mind and prevent you from moving forward. Often, these can be \\c[4]pushed\\c[0] out of the way or made beneficial by moving them in the right spot to activate a \\c[4]switch\\c[0]."]},{"code":101,"indent":1,"parameters":["",0,0,2]},{"code":401,"indent":1,"parameters":["\\n<Therapist><WordWrap>\\c[4]Switches\\c[0] once activated, can open \\c[4]doors\\c[0] that have previously blocked our path. It just takes some thinking or \\c[4]moving Blocks\\c[0] to find and activate them."]},{"code":101,"indent":1,"parameters":["",0,0,2]},{"code":401,"indent":1,"parameters":["\\n<Therapist><WordWrap>\\c[4]\\c[0]Locked Doors are more rigid barriers. These can be unlocked through \\c[4]switches\\c[0]."]},{"code":101,"indent":1,"parameters":["",0,0,2]},{"code":401,"indent":1,"parameters":["\\n<Therapist><WordWrap>Remember, if you get stuck you can always take a break, go to \\c[4]bed\\c[0] by pressing \\c[4]TAB\\c[0], \\c[4]reset\\c[0] your mind, and try again tomorrow."]},{"code":101,"indent":1,"parameters":["",0,0,2]},{"code":401,"indent":1,"parameters":["\\n<Therapist><WordWrap>Anyway, some food for thought. I hope some of what I said can help you, I’ll call back every so often to check-in."]},{"code":121,"indent":1,"parameters":[48,48,0]},{"code":0,"indent":1,"parameters":[]},{"code":412,"indent":0,"parameters":[]},{"code":0,"indent":0,"parameters":[]}],"name":"Tutorial","switchId":1,"trigger":0},
{"id":17,"list":[{"code":111,"indent":0,"parameters":[0,14,0]},{"code":101,"indent":1,"parameters":["MC",1,0,2]},{"code":401,"indent":1,"parameters":["<WordWrap>I love this portrait of her. Got it done in renaissance style."]},{"code":101,"indent":1,"parameters":["MC",6,0,2]},{"code":401,"indent":1,"parameters":["<WordWrap>Hmm? What is that hanging on this?"]},{"code":101,"indent":1,"parameters":["",6,0,2]},{"code":401,"indent":1,"parameters":["Obituary "]},{"code":401,"indent":1,"parameters":["Name: ***** ***** "]},{"code":101,"indent":1,"parameters":["MC",3,0,2]},{"code":401,"indent":1,"parameters":["<WordWrap>What the fuck? What kind of sick joke is this? Why is my wife’s name and face on this? She isn’t dead, she just...She just..."]},{"code":101,"indent":1,"parameters":["MC",3,0,2]},{"code":401,"indent":1,"parameters":["ARGH! My damn head hurts, what the hell? "]},{"code":101,"indent":1,"parameters":["",6,0,2]},{"code":401,"indent":1,"parameters":["Died: March 25, ****"]},{"code":101,"indent":1,"parameters":["MC",3,0,2]},{"code":401,"indent":1,"parameters":["<WordWrap>That was just two weeks ago?! This can’t be real. It’s not real. This is some kind of messed up joke they’re pulling on me"]},{"code":101,"indent":1,"parameters":["MC",5,0,2]},{"code":401,"indent":1,"parameters":["<WordWrap>Soon she’ll walk in, I’ll show her this bad joke and we’ll laugh about it."]},{"code":101,"indent":1,"parameters":["MC",2,0,2]},{"code":401,"indent":1,"parameters":["<WordWrap>She’ll be back anytime now. But... When did she leave again? I can’t remember... Why can’t I remember?"]},{"code":121,"indent":1,"parameters":[14,14,1]},{"code":0,"indent":1,"parameters":[]},{"code":412,"indent":0,"parameters":[]},{"code":0,"indent":0,"parameters":[]}],"name":"Denial Intro","switchId":1,"trigger":0},
{"id":18,"list":[{"code":108,"indent":0,"parameters":["Colorize Picture"]},{"code":117,"indent":0,"parameters":[19]},{"code":108,"indent":0,"parameters":["Text"]},{"code":250,"indent":0,"parameters":[{"name":"ringtone","volume":90,"pitch":100,"pan":0}]},{"code":101,"indent":0,"parameters":["",0,0,2]},{"code":401,"indent":0,"parameters":["Incoming call: \\c[4]Therapist\\c[0]"]},{"code":101,"indent":0,"parameters":["",0,0,2]},{"code":401,"indent":0,"parameters":["\\n<Therapist><WordWrap>Hey, how’s the homework I’ve assigned you going?"]},{"code":101,"indent":0,"parameters":["MC",0,0,2]},{"code":401,"indent":0,"parameters":["..."]},{"code":101,"indent":0,"parameters":["",0,0,2]},{"code":401,"indent":0,"parameters":["\\n<Therapist><WordWrap>Hello?"]},{"code":101,"indent":0,"parameters":["MC",4,0,2]},{"code":401,"indent":0,"parameters":["She really is gone isn’t she? "]},{"code":101,"indent":0,"parameters":["",0,0,2]},{"code":401,"indent":0,"parameters":["\\n<Therapist><WordWrap>Yeah... Yeah, I’m afraid so. Do you remember what happened now? "]},{"code":101,"indent":0,"parameters":["MC",0,0,2]},{"code":401,"indent":0,"parameters":["<WordWrap>...She died on her way to the grocery store in a car crash. A drunk driver hit her directly on her driver’s side and she died instantly..."]},{"code":101,"indent":0,"parameters":["",0,0,2]},{"code":401,"indent":0,"parameters":["\\n<Therapist><WordWrap>Right... Did you want to come to the office to talk about it?"]},{"code":101,"indent":0,"parameters":["MC",4,0,2]},{"code":401,"indent":0,"parameters":["<WordWrap>No... No, I don’t really want to leave today. I think I need to lay down."]},{"code":101,"indent":0,"parameters":["",0,0,2]},{"code":401,"indent":0,"parameters":["\\n<Therapist><WordWrap>Alright, get some rest and we can try to tackle things tomorrow. "]},{"code":108,"indent":0,"parameters":["Enter Denial to Anger Cutscene"]},{"code":117,"indent":0,"parameters":[20]},{"code":0,"indent":0,"parameters":[]}],"name":"Denial Complete","switchId":1,"trigger":0},
{"id":19,"list":[{"code":108,"indent":0,"parameters":["Animate Colourization"]},{"code":122,"indent":0,"parameters":[3,3,0,0,255]},{"code":356,"indent":0,"parameters":["LAYER_S 7 4 Picture 216 624 255 1 0 0.5 0.5 0 0"]},{"code":356,"indent":0,"parameters":["LAYER_S 7 7 Grey_Picture 216 624 v0003 2 0 0.5 0.5 0 0"]},{"code":356,"indent":0,"parameters":["LAYER REFRESH"]},{"code":112,"indent":0,"parameters":[]},{"code":111,"indent":1,"parameters":[1,3,1,5,1]},{"code":122,"indent":2,"parameters":[3,3,2,1,4]},{"code":356,"indent":2,"parameters":["LAYER_S 7 7 Grey_Picture 216 624 v0003 2 0 0.5 0.5 0 0"]},{"code":356,"indent":2,"parameters":["LAYER REFRESH"]},{"code":230,"indent":2,"parameters":[1]},{"code":0,"indent":2,"parameters":[]},{"code":411,"indent":1,"parameters":[]},{"code":122,"indent":2,"parameters":[3,3,0,0,0]},{"code":356,"indent":2,"parameters":["LAYER_S 7 7 Grey_Picture 216 624 v0003 2 0 0.5 0.5 0 0"]},{"code":356,"indent":2,"parameters":["LAYER REFRESH"]},{"code":113,"indent":2,"parameters":[]},{"code":0,"indent":2,"parameters":[]},{"code":412,"indent":1,"parameters":[]},{"code":0,"indent":1,"parameters":[]},{"code":413,"indent":0,"parameters":[]},{"code":122,"indent":0,"parameters":[3,3,0,0,255]},{"code":0,"indent":0,"parameters":[]}],"name":"Colorize Denial Object","switchId":1,"trigger":0},
{"id":20,"list":[{"code":241,"indent":0,"parameters":[{"name":"","volume":90,"pitch":100,"pan":0}]},{"code":108,"indent":0,"parameters":["Play Cutscene"]},{"code":221,"indent":0,"parameters":[]},{"code":356,"indent":0,"parameters":["LAYER_S 7 0 angerHouse 0 0 255 1 0"]},{"code":356,"indent":0,"parameters":["LAYER REFRESH"]},{"code":261,"indent":0,"parameters":["Springtosummer"]},{"code":261,"indent":0,"parameters":["Anger Cutscene"]},{"code":201,"indent":0,"parameters":[0,7,9,15,8,2]},{"code":241,"indent":0,"parameters":[{"name":"title-screen_house","volume":90,"pitch":100,"pan":0}]},{"code":222,"indent":0,"parameters":[]},{"code":108,"indent":0,"parameters":["Talk with Therapist"]},{"code":250,"indent":0,"parameters":[{"name":"ringtone","volume":90,"pitch":100,"pan":0}]},{"code":101,"indent":0,"parameters":["",0,0,2]},{"code":401,"indent":0,"parameters":["Incoming call: \\c[4]Therapist\\c[0]"]},{"code":101,"indent":0,"parameters":["MC",2,0,2]},{"code":401,"indent":0,"parameters":["<WordWrap>What do you want?"]},{"code":101,"indent":0,"parameters":["",0,0,2]},{"code":401,"indent":0,"parameters":["\\n<Therapist><WordWrap>Just calling to check in. How are you feeling today?"]},{"code":101,"indent":0,"parameters":["MC",2,0,2]},{"code":401,"indent":0,"parameters":["<WordWrap>Fine. Now leave me alone."]},{"code":101,"indent":0,"parameters":["",0,0,2]},{"code":401,"indent":0,"parameters":["\\n<Therapist><WordWrap>Ok, ok, I will. Just let me know if you want to talk later. Also, make sure you’re taking care of yourself. Make yourself some food, clean the house, try to keep busy. I know after losing your-"]},{"code":101,"indent":0,"parameters":["MC",3,0,2]},{"code":401,"indent":0,"parameters":["<WordWrap>Shut up. Don’t pretend to be my friend. The only one who really cared was my wife and now she’s gone. So leave me the hell alone and collect your pathetic cheque from my company insurance. "]},{"code":101,"indent":0,"parameters":["",0,0,2]},{"code":401,"indent":0,"parameters":["\\n<Therapist><WordWrap>... Alright. I’ll give you some time and call back later. "]},{"code":101,"indent":0,"parameters":["",0,0,2]},{"code":401,"indent":0,"parameters":["*beep*"]},{"code":101,"indent":0,"parameters":["MC",0,0,2]},{"code":401,"indent":0,"parameters":["<WordWrap>*sigh* I shouldn’t have said all that...This house is a goddamn disaster. But that’s fine, I hate this place anyway. Everything I look at is a reminder..."]},{"code":101,"indent":0,"parameters":["MC",5,0,2]},{"code":401,"indent":0,"parameters":["<WordWrap>The therapist was right on one thing. I am hungry. I should go to the kitchen and see what’s survived."]},{"code":108,"indent":0,"parameters":["Show Kitchen Colorization"]},{"code":201,"indent":0,"parameters":[0,7,34,12,0,0]},{"code":211,"indent":0,"parameters":[0]},{"code":230,"indent":0,"parameters":[60]},{"code":117,"indent":0,"parameters":[6]},{"code":230,"indent":0,"parameters":[60]},{"code":230,"indent":0,"parameters":[15]},{"code":201,"indent":0,"parameters":[0,7,9,15,8,0]},{"code":211,"indent":0,"parameters":[1]},{"code":230,"indent":0,"parameters":[30]},{"code":205,"indent":0,"parameters":[-1,{"list":[{"code":1,"indent":null},{"code":0}],"repeat":false,"skippable":false,"wait":true}]},{"code":505,"indent":0,"parameters":[{"code":1,"indent":null}]},{"code":0,"indent":0,"parameters":[]}],"name":"Denial -> Anger","switchId":1,"trigger":0},
{"id":21,"list":[{"code":111,"indent":0,"parameters":[0,15,0]},{"code":250,"indent":1,"parameters":[{"name":"sizzling","volume":15,"pitch":100,"pan":0}]},{"code":101,"indent":1,"parameters":["MC",3,0,2]},{"code":401,"indent":1,"parameters":["<WordWrap>*Sizzle* *Sizzle*"]},{"code":101,"indent":1,"parameters":["MC",3,0,2]},{"code":401,"indent":1,"parameters":["<WordWrap>Ow! God damn oil. Where the hell did I put the pan cover?"]},{"code":250,"indent":1,"parameters":[{"name":"pots_pans_crashing","volume":100,"pitch":100,"pan":0}]},{"code":101,"indent":1,"parameters":["",0,0,2]},{"code":401,"indent":1,"parameters":["<WordWrap>*Clang* *Crash*"]},{"code":101,"indent":1,"parameters":["MC",3,0,2]},{"code":401,"indent":1,"parameters":["<WordWrap>OW ARGHH FFFU- I HATE THIS. I HATE THIS HOUSE, I HATE THAT SHE LEFT ME ALONE LIKE THIS. ARGHHH!!"]},{"code":121,"indent":1,"parameters":[15,15,1]},{"code":251,"indent":1,"parameters":[]},{"code":251,"indent":1,"parameters":[]},{"code":0,"indent":1,"parameters":[]},{"code":412,"indent":0,"parameters":[]},{"code":0,"indent":0,"parameters":[]}],"name":"Anger Intro","switchId":1,"trigger":0},
{"id":22,"list":[{"code":108,"indent":0,"parameters":["Colorize Picture"]},{"code":117,"indent":0,"parameters":[23]},{"code":108,"indent":0,"parameters":["Text"]},{"code":101,"indent":0,"parameters":["MC",3,0,2]},{"code":401,"indent":0,"parameters":["<WordWrap>ARGHHH I HATE EVERYTHING!"]},{"code":101,"indent":0,"parameters":["MC",5,0,2]},{"code":401,"indent":0,"parameters":["<WordWrap>I’d give anything to have her here…..If only I’d gone to the store instead of her that day, I’d gladly give my life for her’s."]},{"code":108,"indent":0,"parameters":["Enter Denial to Anger Cutscene"]},{"code":117,"indent":0,"parameters":[24]},{"code":0,"indent":0,"parameters":[]}],"name":"Anger Complete","switchId":1,"trigger":0},
{"id":23,"list":[{"code":108,"indent":0,"parameters":["Animate Colourization"]},{"code":122,"indent":0,"parameters":[3,3,0,0,255]},{"code":356,"indent":0,"parameters":["LAYER_S 7 5 Stove 1344 528 v0003 1 0 0 0 0 0"]},{"code":356,"indent":0,"parameters":["LAYER_S 7 7 Grey_Stove 1344 528 v0003 2 0 0 0 0 0"]},{"code":356,"indent":0,"parameters":["LAYER REFRESH"]},{"code":112,"indent":0,"parameters":[]},{"code":111,"indent":1,"parameters":[1,3,1,5,1]},{"code":122,"indent":2,"parameters":[3,3,2,1,4]},{"code":356,"indent":2,"parameters":["LAYER_S 7 7 Grey_Stove 1344 528 v0003 2 0 0 0 0 0"]},{"code":356,"indent":2,"parameters":["LAYER REFRESH"]},{"code":230,"indent":2,"parameters":[1]},{"code":0,"indent":2,"parameters":[]},{"code":411,"indent":1,"parameters":[]},{"code":122,"indent":2,"parameters":[3,3,0,0,0]},{"code":356,"indent":2,"parameters":["LAYER_S 7 7 Grey_Stove 1344 528 v0003 2 0 0 0 0 0"]},{"code":356,"indent":2,"parameters":["LAYER REFRESH"]},{"code":113,"indent":2,"parameters":[]},{"code":0,"indent":2,"parameters":[]},{"code":412,"indent":1,"parameters":[]},{"code":0,"indent":1,"parameters":[]},{"code":413,"indent":0,"parameters":[]},{"code":122,"indent":0,"parameters":[3,3,0,0,255]},{"code":0,"indent":0,"parameters":[]}],"name":"Colorize Anger Object","switchId":1,"trigger":0},
{"id":24,"list":[{"code":241,"indent":0,"parameters":[{"name":"","volume":90,"pitch":100,"pan":0}]},{"code":108,"indent":0,"parameters":["Play Cutscene"]},{"code":221,"indent":0,"parameters":[]},{"code":261,"indent":0,"parameters":["Summertofall"]},{"code":201,"indent":0,"parameters":[0,7,22,12,4,2]},{"code":241,"indent":0,"parameters":[{"name":"autumn leaves","volume":90,"pitch":100,"pan":0}]},{"code":222,"indent":0,"parameters":[]},{"code":108,"indent":0,"parameters":["Talk with Therapist"]},{"code":250,"indent":0,"parameters":[{"name":"ringtone","volume":90,"pitch":100,"pan":0}]},{"code":101,"indent":0,"parameters":["",0,0,2]},{"code":401,"indent":0,"parameters":["Incoming call: \\c[4]Therapist\\c[0]"]},{"code":101,"indent":0,"parameters":["",0,0,2]},{"code":401,"indent":0,"parameters":["\\n<Thrapist><WordWrap>Hello? How are things going today?"]},{"code":101,"indent":0,"parameters":["MC",0,0,2]},{"code":401,"indent":0,"parameters":["Hi...I still can’t get my mind off what happened."]},{"code":101,"indent":0,"parameters":["MC",5,0,2]},{"code":401,"indent":0,"parameters":["<WordWrap>I keep going back and forth thinking “what if I had done something to stop her? Why didn’t I go instead? Why didn’t I go with her at least?”"]},{"code":101,"indent":0,"parameters":["",0,0,2]},{"code":401,"indent":0,"parameters":["\\n<Therapist>These kinds of questions are all perfectly natural after losing a loved one."]},{"code":101,"indent":0,"parameters":["",0,0,2]},{"code":401,"indent":0,"parameters":["\\n<Therapist><WordWrap>Look, I know you haven’t been out of the house since the funeral. You might feel more comfortable getting out for a bit. Would you like to come down to the office where we could talk? "]},{"code":101,"indent":0,"parameters":["MC",0,0,2]},{"code":401,"indent":0,"parameters":["<WordWrap>No...no I don’t think I feel up for leaving. I just don’t have the energy."]},{"code":101,"indent":0,"parameters":["",0,0,2]},{"code":401,"indent":0,"parameters":["\\n<Therapist><WordWrap>That’s fine. Go at your own pace. "]},{"code":101,"indent":0,"parameters":["",0,0,2]},{"code":401,"indent":0,"parameters":["\\n<Therapist><WordWrap>Listen, to take your mind off of things for a bit, try immersing yourself in one of your hobbies. You play some instruments and have a music room right? Expressing yourself with music might help you."]},{"code":101,"indent":0,"parameters":["MC",0,0,2]},{"code":401,"indent":0,"parameters":["<WordWrap>We did have a track we were working on. Maybe if I can just complete it I’ll feel better."]},{"code":101,"indent":0,"parameters":["",0,0,2]},{"code":401,"indent":0,"parameters":["\\n<Therapist><WordWrap>Alright, let me know how it goes. I’ll check in later okay?"]},{"code":108,"indent":0,"parameters":["Show Music Room Colorization"]},{"code":243,"indent":0,"parameters":[]},{"code":244,"indent":0,"parameters":[]},{"code":201,"indent":0,"parameters":[0,7,5,5,0,0]},{"code":211,"indent":0,"parameters":[0]},{"code":230,"indent":0,"parameters":[60]},{"code":117,"indent":0,"parameters":[7]},{"code":230,"indent":0,"parameters":[60]},{"code":230,"indent":0,"parameters":[15]},{"code":243,"indent":0,"parameters":[]},{"code":244,"indent":0,"parameters":[]},{"code":201,"indent":0,"parameters":[0,7,22,12,4,0]},{"code":211,"indent":0,"parameters":[1]},{"code":230,"indent":0,"parameters":[30]},{"code":205,"indent":0,"parameters":[-1,{"list":[{"code":3,"indent":null},{"code":4,"indent":null},{"code":0}],"repeat":false,"skippable":false,"wait":true}]},{"code":505,"indent":0,"parameters":[{"code":3,"indent":null}]},{"code":505,"indent":0,"parameters":[{"code":4,"indent":null}]},{"code":0,"indent":0,"parameters":[]}],"name":"Anger -> Bargaining","switchId":1,"trigger":0},
{"id":25,"list":[{"code":111,"indent":0,"parameters":[0,16,0]},{"code":101,"indent":1,"parameters":["MC",0,0,2]},{"code":401,"indent":1,"parameters":["<WordWrap>My guitar. We made several disks since we weren’t sure how to combine all this. The first one she made is \\c[3]green\\c[0], the second is \\c[6]yellow\\c[0], and the last one is \\c[4]blue\\c[0]. "]},{"code":101,"indent":1,"parameters":["MC",6,0,2]},{"code":401,"indent":1,"parameters":["<WordWrap> I have a feeling if I can just piece it all together the way she wanted it to be, then I might feel happy, just for a moment. Please let me be happy doing this. "]},{"code":121,"indent":1,"parameters":[16,16,1]},{"code":0,"indent":1,"parameters":[]},{"code":412,"indent":0,"parameters":[]},{"code":0,"indent":0,"parameters":[]}],"name":"Bargaining Intro","switchId":1,"trigger":0},
{"id":26,"list":[{"code":108,"indent":0,"parameters":["Colorize Guitar"]},{"code":117,"indent":0,"parameters":[27]},{"code":108,"indent":0,"parameters":["Text"]},{"code":101,"indent":0,"parameters":["MC",5,0,2]},{"code":401,"indent":0,"parameters":["<WordWrap>This is it! This is what she wanted! "]},{"code":101,"indent":0,"parameters":["MC",5,0,2]},{"code":401,"indent":0,"parameters":["<WordWrap>But somethings wrong... I don’t feel any better... This was supposed to make me happy, for just a minute I was supposed to forget."]},{"code":101,"indent":0,"parameters":["MC",4,0,2]},{"code":401,"indent":0,"parameters":["<WordWrap>*sniff* why didn’t it work? It was supposed to work. I don’t know what else to do..."]},{"code":108,"indent":0,"parameters":["Enter Denial to Anger Cutscene"]},{"code":117,"indent":0,"parameters":[28]},{"code":0,"indent":0,"parameters":[]}],"name":"Bargaining Complete","switchId":1,"trigger":0},
{"id":27,"list":[{"code":108,"indent":0,"parameters":["Animate Colourization"]},{"code":122,"indent":0,"parameters":[3,3,0,0,255]},{"code":356,"indent":0,"parameters":["LAYER_S 7 6 Guitar 344 102 v0003 1 0 0 0 0 0"]},{"code":356,"indent":0,"parameters":["LAYER_S 7 7 Grey_Guitar 344 102 v0003 2 0 0 0 0 0"]},{"code":356,"indent":0,"parameters":["LAYER REFRESH"]},{"code":112,"indent":0,"parameters":[]},{"code":111,"indent":1,"parameters":[1,3,1,5,1]},{"code":122,"indent":2,"parameters":[3,3,2,1,4]},{"code":356,"indent":2,"parameters":["LAYER_S 7 7 Grey_Guitar 344 102 v0003 2 0 0 0 0 0"]},{"code":356,"indent":2,"parameters":["LAYER REFRESH"]},{"code":230,"indent":2,"parameters":[1]},{"code":0,"indent":2,"parameters":[]},{"code":411,"indent":1,"parameters":[]},{"code":122,"indent":2,"parameters":[3,3,0,0,0]},{"code":356,"indent":2,"parameters":["LAYER_S 7 7 Grey_Guitar 344 102 v0003 2 0 0 0 0 0"]},{"code":356,"indent":2,"parameters":["LAYER REFRESH"]},{"code":113,"indent":2,"parameters":[]},{"code":0,"indent":2,"parameters":[]},{"code":412,"indent":1,"parameters":[]},{"code":0,"indent":1,"parameters":[]},{"code":413,"indent":0,"parameters":[]},{"code":122,"indent":0,"parameters":[3,3,0,0,255]},{"code":0,"indent":0,"parameters":[]}],"name":"Colorize Bargaining Object","switchId":1,"trigger":0},
{"id":28,"list":[{"code":241,"indent":0,"parameters":[{"name":"","volume":90,"pitch":100,"pan":0}]},{"code":108,"indent":0,"parameters":["Play Cutscene"]},{"code":221,"indent":0,"parameters":[]},{"code":261,"indent":0,"parameters":["Falltowinter"]},{"code":241,"indent":0,"parameters":[{"name":"holynight","volume":90,"pitch":100,"pan":0}]},{"code":201,"indent":0,"parameters":[0,7,5,15,4,2]},{"code":222,"indent":0,"parameters":[]},{"code":108,"indent":0,"parameters":["Talk with Therapist"]},{"code":250,"indent":0,"parameters":[{"name":"ringtone","volume":90,"pitch":100,"pan":0}]},{"code":101,"indent":0,"parameters":["",0,0,2]},{"code":401,"indent":0,"parameters":["Incoming call: \\c[4]Therapist\\c[0]"]},{"code":101,"indent":0,"parameters":["",0,0,2]},{"code":401,"indent":0,"parameters":["\\n<Therapist><WordWrap>Hello? Hey, I know today must be a rough day for you, I’m just making sure you’re okay."]},{"code":101,"indent":0,"parameters":["MC",0,0,2]},{"code":401,"indent":0,"parameters":["<WordWrap>We were going to go on another trip but this time it was my turn to plan it. "]},{"code":101,"indent":0,"parameters":["",0,0,2]},{"code":401,"indent":0,"parameters":["\\n<Therapist><WordWrap>I know... You both sounded very excited about it before."]},{"code":101,"indent":0,"parameters":["MC",5,0,2]},{"code":401,"indent":0,"parameters":["<WordWrap>I don’t know what to do. I don’t feel good and I don’t know how to fix it. I don’t know if it can be fixed. "]},{"code":101,"indent":0,"parameters":["",0,0,2]},{"code":401,"indent":0,"parameters":["\\n<Therapist><WordWrap>Remember, you still have friends, family and me who are willing to help you through this even as we all grieve. You don’t have to do it alone. I’m going to clear up my entire night so you and I can have a discussion. To really work through this. "]},{"code":101,"indent":0,"parameters":["MC",4,0,2]},{"code":401,"indent":0,"parameters":["<WordWrap>We’ve already talked and it didn’t help."]},{"code":101,"indent":0,"parameters":["",0,0,2]},{"code":401,"indent":0,"parameters":["\\n<Therapist><WordWrap>I would like to think you are at the point where you might really benefit from it now."]},{"code":101,"indent":0,"parameters":["",0,0,2]},{"code":401,"indent":0,"parameters":["\\n<Therapist><WordWrap>I’m going to call back later. Oh. Also, it’s gotten very cold outside and I know that house is not the best for insulation. Maybe try finding your winter stuff to keep you warm. You said before all of it was in the basement right? "]},{"code":101,"indent":0,"parameters":["",0,0,2]},{"code":401,"indent":0,"parameters":["\\n<Therapist><WordWrap>Anyway I’ll call you back tonight. Take care."]},{"code":108,"indent":0,"parameters":["Show basement Room Colorization"]},{"code":243,"indent":0,"parameters":[]},{"code":244,"indent":0,"parameters":[]},{"code":356,"indent":0,"parameters":["LAYER_S 8 1 Grey_Basement 48 48 255 1 0"]},{"code":356,"indent":0,"parameters":["LAYER_S 8 2 Grey_Toque 196 336 255 5 0"]},{"code":356,"indent":0,"parameters":["LAYER REFRESH"]},{"code":201,"indent":0,"parameters":[0,8,7,5,0,0]},{"code":211,"indent":0,"parameters":[0]},{"code":230,"indent":0,"parameters":[60]},{"code":117,"indent":0,"parameters":[8]},{"code":230,"indent":0,"parameters":[60]},{"code":230,"indent":0,"parameters":[15]},{"code":201,"indent":0,"parameters":[0,7,5,15,4,0]},{"code":211,"indent":0,"parameters":[1]},{"code":230,"indent":0,"parameters":[30]},{"code":205,"indent":0,"parameters":[-1,{"list":[{"code":1,"indent":null},{"code":0}],"repeat":false,"skippable":true,"wait":true}]},{"code":505,"indent":0,"parameters":[{"code":1,"indent":null}]},{"code":0,"indent":0,"parameters":[]}],"name":"Bargaining -> Depression","switchId":1,"trigger":0},
{"id":29,"list":[{"code":111,"indent":0,"parameters":[0,17,0]},{"code":101,"indent":1,"parameters":["MC",6,0,2]},{"code":401,"indent":1,"parameters":["<WordWrap>This is where we put all of our winter gear. This is her toque, gloves, that scarf I bought her for Christmas. All the things she would have worn on our trip for her birthday."]},{"code":101,"indent":1,"parameters":["MC",6,0,2]},{"code":401,"indent":1,"parameters":["<WordWrap>It’s not fair for her or me that she’s gone. How am I supposed to keep going? This whole year I’ve been a wreck and I can’t see myself getting better."]},{"code":101,"indent":1,"parameters":["MC",6,0,2]},{"code":401,"indent":1,"parameters":["<WordWrap>I don’t know what to do. I don’t know what to do."]},{"code":121,"indent":1,"parameters":[17,17,1]},{"code":0,"indent":1,"parameters":[]},{"code":412,"indent":0,"parameters":[]},{"code":0,"indent":0,"parameters":[]}],"name":"Depression Intro","switchId":1,"trigger":0},
{"id":30,"list":[{"code":108,"indent":0,"parameters":["Colorize Toque"]},{"code":117,"indent":0,"parameters":[31]},{"code":108,"indent":0,"parameters":["Text"]},{"code":101,"indent":0,"parameters":["MC",0,0,2]},{"code":401,"indent":0,"parameters":["I can't do this anymore. It's too hard."]},{"code":101,"indent":0,"parameters":["MC",4,0,2]},{"code":401,"indent":0,"parameters":["I need help."]},{"code":250,"indent":0,"parameters":[{"name":"ringtone","volume":90,"pitch":100,"pan":0}]},{"code":101,"indent":0,"parameters":["",0,0,2]},{"code":401,"indent":0,"parameters":["Incoming call: \\c[4]Therapist\\c[0]"]},{"code":101,"indent":0,"parameters":["",0,0,2]},{"code":401,"indent":0,"parameters":["\\n<Therapist><WordWrap>Hey bud, how are you doing? I’m cleared for the night and now we can talk as much as you want."]},{"code":101,"indent":0,"parameters":["MC",1,0,2]},{"code":401,"indent":0,"parameters":["Yeah, I think I would like that."]},{"code":108,"indent":0,"parameters":["Enter Depression to Acceptance Cutscene"]},{"code":117,"indent":0,"parameters":[32]},{"code":0,"indent":0,"parameters":[]}],"name":"Depression Complete","switchId":1,"trigger":0},
{"id":31,"list":[{"code":108,"indent":0,"parameters":["Animate Colourization"]},{"code":122,"indent":0,"parameters":[3,3,0,0,255]},{"code":356,"indent":0,"parameters":["LAYER_S 8 2 Grey_Toque 196 336 v0003 5 0"]},{"code":356,"indent":0,"parameters":["LAYER REFRESH"]},{"code":112,"indent":0,"parameters":[]},{"code":111,"indent":1,"parameters":[1,3,1,5,1]},{"code":122,"indent":2,"parameters":[3,3,2,1,4]},{"code":356,"indent":2,"parameters":["LAYER_S 8 2 Grey_Toque 196 336 v0003 5 0"]},{"code":356,"indent":2,"parameters":["LAYER REFRESH"]},{"code":230,"indent":2,"parameters":[1]},{"code":0,"indent":2,"parameters":[]},{"code":411,"indent":1,"parameters":[]},{"code":122,"indent":2,"parameters":[3,3,0,0,0]},{"code":356,"indent":2,"parameters":["LAYER_S 8 2 Grey_Toque 196 336 v0003 5 0"]},{"code":356,"indent":2,"parameters":["LAYER REFRESH"]},{"code":113,"indent":2,"parameters":[]},{"code":0,"indent":2,"parameters":[]},{"code":412,"indent":1,"parameters":[]},{"code":0,"indent":1,"parameters":[]},{"code":413,"indent":0,"parameters":[]},{"code":122,"indent":0,"parameters":[3,3,0,0,255]},{"code":0,"indent":0,"parameters":[]}],"name":"Colorize Depression Object","switchId":1,"trigger":0},
{"id":32,"list":[{"code":241,"indent":0,"parameters":[{"name":"","volume":90,"pitch":100,"pan":0}]},{"code":221,"indent":0,"parameters":[]},{"code":261,"indent":0,"parameters":["Wintertospring"]},{"code":356,"indent":0,"parameters":["LAYER_S 7 0 House 0 0 255 1 0"]},{"code":356,"indent":0,"parameters":["LAYER REFRESH"]},{"code":201,"indent":0,"parameters":[0,7,9,15,0,0]},{"code":241,"indent":0,"parameters":[{"name":"final stage","volume":90,"pitch":100,"pan":0}]},{"code":250,"indent":0,"parameters":[{"name":"ringtone","volume":90,"pitch":100,"pan":0}]},{"code":222,"indent":0,"parameters":[]},{"code":101,"indent":0,"parameters":["",0,0,2]},{"code":401,"indent":0,"parameters":["Incoming call: \\c[4]Therapist\\c[0]"]},{"code":101,"indent":0,"parameters":["MC",1,0,2]},{"code":401,"indent":0,"parameters":["Hello?"]},{"code":101,"indent":0,"parameters":["",0,0,2]},{"code":401,"indent":0,"parameters":["\\n<Therapist><WordWrap>Hi! How are things going today?"]},{"code":101,"indent":0,"parameters":["MC",7,0,2]},{"code":401,"indent":0,"parameters":["I think I'm feeling a little bit better."]},{"code":101,"indent":0,"parameters":["",0,0,2]},{"code":401,"indent":0,"parameters":["\\n<Therapist><WordWrap>That’s good to hear! Do you think you’re ready to leave the house and come meet me at the office like we talked about? "]},{"code":101,"indent":0,"parameters":["MC",1,0,2]},{"code":401,"indent":0,"parameters":["<WordWrap>Yeah I’ve just been making sure I look okay when I leave the house. "]},{"code":101,"indent":0,"parameters":["",0,0,2]},{"code":401,"indent":0,"parameters":["\\n<Therapist><WordWrap>Great! I can’t wait to see you here. It’s been way too long. "]},{"code":101,"indent":0,"parameters":["MC",5,0,2]},{"code":401,"indent":0,"parameters":["<WordWrap>If you don’t mind, I might stop by the graveyard with some friends before meeting you. Going back there is long overdue. "]},{"code":101,"indent":0,"parameters":["",0,0,2]},{"code":401,"indent":0,"parameters":["\\n<Therapist><WordWrap>Are you sure you’ll be fine doing that? "]},{"code":101,"indent":0,"parameters":["MC",4,0,2]},{"code":401,"indent":0,"parameters":["<WordWrap>I’m not sure. It still hurts bad but I’ve spent too long with my life on hold. She would hate how I’ve been living. “Where is the adventure” she would probably think. Anyway, my friends will help me if I need it and I’ll talk about it with you when I come for the appointment."]},{"code":101,"indent":0,"parameters":["MC",5,0,2]},{"code":401,"indent":0,"parameters":["I think I'll need the conversation."]},{"code":101,"indent":0,"parameters":["",0,0,2]},{"code":401,"indent":0,"parameters":["\\n<Therapist><WordWrap>Alright. Just as long as you’re fine with it.  "]},{"code":101,"indent":0,"parameters":["MC",1,0,2]},{"code":401,"indent":0,"parameters":["<WordWrap>Ok. I think I’m ready to head out. I’ll see you soon.  "]},{"code":101,"indent":0,"parameters":["MC",1,0,2]},{"code":401,"indent":0,"parameters":["<WordWrap>Oh, and, thank you for helping me this past year."]},{"code":0,"indent":0,"parameters":[]}],"name":"Depression -> Acceptance","switchId":1,"trigger":0},
{"id":33,"list":[{"code":0,"indent":0,"parameters":[]}],"name":"","switchId":1,"trigger":0},
{"id":34,"list":[{"code":0,"indent":0,"parameters":[]}],"name":"","switchId":1,"trigger":0},
{"id":35,"list":[{"code":0,"indent":0,"parameters":[]}],"name":"","switchId":1,"trigger":0},
{"id":36,"list":[{"code":0,"indent":0,"parameters":[]}],"name":"","switchId":1,"trigger":0},
{"id":37,"list":[{"code":0,"indent":0,"parameters":[]}],"name":"","switchId":1,"trigger":0},
{"id":38,"list":[{"code":0,"indent":0,"parameters":[]}],"name":"","switchId":1,"trigger":0},
{"id":39,"list":[{"code":0,"indent":0,"parameters":[]}],"name":"","switchId":1,"trigger":0},
{"id":40,"list":[{"code":0,"indent":0,"parameters":[]}],"name":"","switchId":1,"trigger":0}
]