[
null,
null,
null,
null,
{"id":4,"expanded":true,"name":"Denial Puzzle","order":4,"parentId":5,"scrollX":589.8181818181819,"scrollY":368},
{"id":5,"expanded":true,"name":"Opening","order":1,"parentId":0,"scrollX":595.6363636363636,"scrollY":335.27272727272725},
null,
{"id":7,"expanded":true,"name":"House","order":2,"parentId":5,"scrollX":589.8181818181819,"scrollY":707.6363636363636},
{"id":8,"expanded":false,"name":"Basement","order":3,"parentId":7,"scrollX":595.6363636363636,"scrollY":335.27272727272725},
{"id":9,"expanded":true,"name":"Bargaining","order":6,"parentId":5,"scrollX":589.8181818181819,"scrollY":397.8181818181818},
{"id":10,"expanded":false,"name":"Depression Puzzle","order":7,"parentId":5,"scrollX":589.8181818181819,"scrollY":624.7272727272727},
{"id":11,"expanded":false,"name":"Anger Puzzle","order":5,"parentId":5,"scrollX":595.6363636363636,"scrollY":335.27272727272725}
]