[
null,
null,
null,
null,
{"id":4,"expanded":true,"name":"Denial Puzzle","order":4,"parentId":7,"scrollX":589.8181818181819,"scrollY":359.27272727272725},
{"id":5,"expanded":true,"name":"Opening","order":1,"parentId":0,"scrollX":819,"scrollY":461},
null,
{"id":7,"expanded":true,"name":"House","order":2,"parentId":5,"scrollX":589.8181818181819,"scrollY":329.45454545454544},
{"id":8,"expanded":false,"name":"Basement","order":3,"parentId":7,"scrollX":595.6363636363636,"scrollY":335.27272727272725},
{"id":9,"expanded":true,"name":"Bargaining","order":5,"parentId":5,"scrollX":589.8181818181819,"scrollY":528.7272727272727},
{"id":10,"expanded":false,"name":"Depression Puzzle","order":6,"parentId":5,"scrollX":589.8181818181819,"scrollY":335.27272727272725},
{"id":11,"expanded":false,"name":"Anger Puzzle","order":7,"parentId":5,"scrollX":595.6363636363636,"scrollY":335.27272727272725},
{"id":12,"expanded":true,"name":"AngerHouse","order":8,"parentId":5,"scrollX":1026.909090909091,"scrollY":658.9090909090909}
]