[
null,
{"id":1,"list":[{"code":108,"indent":0,"parameters":["Cutscene"]},{"code":261,"indent":0,"parameters":["Opening cutscene"]},{"code":108,"indent":0,"parameters":["Therapist Calls"]},{"code":201,"indent":0,"parameters":[0,7,33,5,8,0]},{"code":211,"indent":0,"parameters":[1]},{"code":101,"indent":0,"parameters":["MC",4,0,2]},{"code":401,"indent":0,"parameters":["Eugh\\..\\..\\..who is it now\\..\\..\\..I swear if it’s another spam call."]},{"code":101,"indent":0,"parameters":["",0,0,2]},{"code":401,"indent":0,"parameters":["Incoming call: \\c[4]Therapist\\c[0]"]},{"code":101,"indent":0,"parameters":["MC",6,0,2]},{"code":401,"indent":0,"parameters":["<WordWrap>Wha?\\. Why is he calling?\\| Could have sworn our session was next month."]},{"code":101,"indent":0,"parameters":["MC",5,0,2]},{"code":401,"indent":0,"parameters":["Hello?"]},{"code":101,"indent":0,"parameters":["",0,0,2]},{"code":401,"indent":0,"parameters":["\\n<Therapist><WordWrap>HOLY SHI\\.…\\. You answered!\\. Are you okay?!\\. This is the tenth time I’ve called this week,\\. I was about to send the police to check in on you."]},{"code":101,"indent":0,"parameters":["MC",2,0,2]},{"code":401,"indent":0,"parameters":["<WordWrap>What? I’m doing fine. Don’t send the cops, please. I’ve\\.….\\.….lost track of time I suppose,\\. I think my phone was on silent.\\. I’m just waiting on the couch right now.\\. Wasn’t our next meeting in a month? "]},{"code":101,"indent":0,"parameters":["",0,0,2]},{"code":401,"indent":0,"parameters":["\\n<Therapist><WordWrap>Oh thank goodness.\\. Look I know it must be hard for you right now but I’m here to talk and..."]},{"code":101,"indent":0,"parameters":["",0,0,2]},{"code":401,"indent":0,"parameters":["\\n<Therapist><WordWrap>Wait.\\| What are you waiting for?"]},{"code":101,"indent":0,"parameters":["MC",7,0,2]},{"code":401,"indent":0,"parameters":["<WordWrap>Hmm? Oh, for my wife to come back home.\\| They said they were only heading out for a bit and should be back soon.\\. We were gonna watch this show together, she’s been hounding me about it for weeks. "]},{"code":101,"indent":0,"parameters":["",0,0,2]},{"code":401,"indent":0,"parameters":["\\n<Therapist><WordWrap>I see\\..\\..\\.Hey, it’s been a while since our last in-person talk.\\. If possible,\\. do you mind coming down to the office today?\\. You can voice any concerns or just talk as long as you want.\\. I can clear as much time as you need."]},{"code":101,"indent":0,"parameters":["MC",5,0,2]},{"code":401,"indent":0,"parameters":["<WordWrap>That’s uhh real generous of you Doctor but sorry.\\. Like I said, I need to wait for my wife.\\. She’ll be back any minute now. "]},{"code":101,"indent":0,"parameters":["",0,0,2]},{"code":401,"indent":0,"parameters":["\\n<Therapist><WordWrap>Alright,\\. alright that’s fine.\\.. Hey,\\. by chance,\\. have you ever heard of the five stages of grief?"]},{"code":101,"indent":0,"parameters":["MC",6,0,2]},{"code":401,"indent":0,"parameters":["<WordWrap>Uhh I think so?\\| Anger,\\....bargaining?\\....\\.depression...\\.acceptance and what was the other one?"]},{"code":101,"indent":0,"parameters":["",0,0,2]},{"code":401,"indent":0,"parameters":["\\n<Therapist><WordWrap>Denial.\\. It’s the first stage of grief.\\. It’s when something tragic happens to us and our brains,\\. in order to protect us and process the information,\\. pretend that nothing is wrong until it is ready."]},{"code":101,"indent":0,"parameters":["MC",3,0,2]},{"code":401,"indent":0,"parameters":["<WordWrap>Ok?\\. Can you get to the point Doctor? "]},{"code":101,"indent":0,"parameters":["",2,0,2]},{"code":401,"indent":0,"parameters":["\\n<Therapist><WordWrap> *sigh* Do me a favour?\\| Have a look around your house for items that are meaningful to both of you,\\. think of it as homework for our next session.\\. Perhaps start in your \\c[4]Bedroom.\\"]},{"code":101,"indent":0,"parameters":["",0,0,2]},{"code":401,"indent":0,"parameters":["\\n<Therapist><WordWrap>Oh and I’ll probably be calling again every so often to check up on you.\\. Ok\\..\\..\\..\\.I’ll leave you to it. "]},{"code":101,"indent":0,"parameters":["",0,0,2]},{"code":401,"indent":0,"parameters":["*beep*"]},{"code":101,"indent":0,"parameters":["MC",0,0,2]},{"code":401,"indent":0,"parameters":["<WordWrap>That was\\.…\\..strange. Well since I’m waiting anyway,\\. I might as well get a headstart on this “homework”. "]},{"code":108,"indent":0,"parameters":["Show Bedroom Colorization"]},{"code":201,"indent":0,"parameters":[0,7,2,21,0,0]},{"code":211,"indent":0,"parameters":[0]},{"code":356,"indent":0,"parameters":["LAYER_S 7 1 Grey_Bedroom 48 576 255 1 0"]},{"code":356,"indent":0,"parameters":["LAYER_S 7 5 Grey_Picture 216 624 255 1 0 0.5 0.5 0 0"]},{"code":356,"indent":0,"parameters":["LAYER REFRESH"]},{"code":230,"indent":0,"parameters":[60]},{"code":117,"indent":0,"parameters":[5]},{"code":230,"indent":0,"parameters":[60]},{"code":230,"indent":0,"parameters":[15]},{"code":201,"indent":0,"parameters":[0,7,33,5,4,0]},{"code":211,"indent":0,"parameters":[1]},{"code":0,"indent":0,"parameters":[]}],"name":"Opening","switchId":1,"trigger":0},
{"id":2,"list":[{"code":205,"indent":0,"parameters":[0,{"list":[{"code":11,"indent":null},{"code":0}],"repeat":false,"skippable":true,"wait":true}]},{"code":505,"indent":0,"parameters":[{"code":11,"indent":null}]},{"code":122,"indent":0,"parameters":[19,19,0,3,5,0,0]},{"code":122,"indent":0,"parameters":[20,20,0,3,5,0,1]},{"code":0,"indent":0,"parameters":[]}],"name":"Push Object","switchId":1,"trigger":0},
{"id":3,"list":[{"code":111,"indent":0,"parameters":[0,41,1]},{"code":121,"indent":1,"parameters":[41,41,0]},{"code":122,"indent":1,"parameters":[41,41,0,0,0]},{"code":122,"indent":1,"parameters":[43,43,0,0,0]},{"code":122,"indent":1,"parameters":[45,45,0,0,1]},{"code":205,"indent":1,"parameters":[-1,{"list":[{"code":41,"parameters":["!Walk",0],"indent":null},{"code":32,"indent":null},{"code":0}],"repeat":false,"skippable":true,"wait":true}]},{"code":505,"indent":1,"parameters":[{"code":41,"parameters":["!Walk",0],"indent":null}]},{"code":505,"indent":1,"parameters":[{"code":32,"indent":null}]},{"code":112,"indent":1,"parameters":[]},{"code":122,"indent":2,"parameters":[42,42,0,3,5,-1,0]},{"code":122,"indent":2,"parameters":[44,44,0,3,5,-1,1]},{"code":285,"indent":2,"parameters":[46,0,1,42,44]},{"code":111,"indent":2,"parameters":[1,43,1,44,0]},{"code":111,"indent":3,"parameters":[1,41,1,42,0]},{"code":113,"indent":4,"parameters":[]},{"code":0,"indent":4,"parameters":[]},{"code":412,"indent":3,"parameters":[]},{"code":0,"indent":3,"parameters":[]},{"code":412,"indent":2,"parameters":[]},{"code":111,"indent":2,"parameters":[1,45,1,46,5]},{"code":113,"indent":3,"parameters":[]},{"code":0,"indent":3,"parameters":[]},{"code":412,"indent":2,"parameters":[]},{"code":122,"indent":2,"parameters":[41,41,0,1,42]},{"code":122,"indent":2,"parameters":[43,43,0,1,44]},{"code":122,"indent":2,"parameters":[45,45,0,1,46]},{"code":205,"indent":2,"parameters":[-1,{"list":[{"code":12,"indent":null},{"code":0}],"repeat":false,"skippable":true,"wait":true}]},{"code":505,"indent":2,"parameters":[{"code":12,"indent":null}]},{"code":0,"indent":2,"parameters":[]},{"code":413,"indent":1,"parameters":[]},{"code":205,"indent":1,"parameters":[-1,{"list":[{"code":41,"parameters":["!Walk",0],"indent":null},{"code":31,"indent":null},{"code":0}],"repeat":false,"skippable":false,"wait":true}]},{"code":505,"indent":1,"parameters":[{"code":41,"parameters":["!Walk",0],"indent":null}]},{"code":505,"indent":1,"parameters":[{"code":31,"indent":null}]},{"code":0,"indent":1,"parameters":[]},{"code":412,"indent":0,"parameters":[]},{"code":121,"indent":0,"parameters":[41,41,1]},{"code":0,"indent":0,"parameters":[]}],"name":"Slide","switchId":1,"trigger":0},
{"id":4,"list":[{"code":111,"indent":0,"parameters":[0,26,1]},{"code":101,"indent":1,"parameters":["",0,0,2]},{"code":401,"indent":1,"parameters":["*Ring... Ring... Ring...*"]},{"code":401,"indent":1,"parameters":[""]},{"code":401,"indent":1,"parameters":["*Click*"]},{"code":101,"indent":1,"parameters":["",0,0,2]},{"code":401,"indent":1,"parameters":["<WordWrap>Hey bud\\., just checking in to see how you are feeling today."]},{"code":101,"indent":1,"parameters":["",0,0,2]},{"code":401,"indent":1,"parameters":["<WordWrap>Remember, \\.if you think you can’t make any more progress, or you just need a day to \\c[4]RESET\\c[0] then feel free to stop and try again tomorrow by heading to bed."]},{"code":121,"indent":1,"parameters":[26,26,0]},{"code":0,"indent":1,"parameters":[]},{"code":412,"indent":0,"parameters":[]},{"code":0,"indent":0,"parameters":[]}],"name":"Puzzle Softlock","switchId":1,"trigger":0},
{"id":5,"list":[{"code":108,"indent":0,"parameters":["Animate Colourization"]},{"code":122,"indent":0,"parameters":[3,3,0,0,255]},{"code":356,"indent":0,"parameters":["LAYER_S 7 1 Grey_Bedroom 48 576 v003 1 0"]},{"code":356,"indent":0,"parameters":["LAYER REFRESH"]},{"code":112,"indent":0,"parameters":[]},{"code":111,"indent":1,"parameters":[1,3,1,5,1]},{"code":122,"indent":2,"parameters":[3,3,2,1,4]},{"code":356,"indent":2,"parameters":["LAYER_S 7 1 Grey_Bedroom 48 576 v003 1 0"]},{"code":356,"indent":2,"parameters":["LAYER REFRESH"]},{"code":230,"indent":2,"parameters":[1]},{"code":0,"indent":2,"parameters":[]},{"code":411,"indent":1,"parameters":[]},{"code":122,"indent":2,"parameters":[3,3,0,0,0]},{"code":356,"indent":2,"parameters":["LAYER REMOVE 7 1"]},{"code":356,"indent":2,"parameters":["LAYER REFRESH"]},{"code":113,"indent":2,"parameters":[]},{"code":0,"indent":2,"parameters":[]},{"code":412,"indent":1,"parameters":[]},{"code":0,"indent":1,"parameters":[]},{"code":413,"indent":0,"parameters":[]},{"code":122,"indent":0,"parameters":[3,3,0,0,255]},{"code":121,"indent":0,"parameters":[10,10,1]},{"code":0,"indent":0,"parameters":[]}],"name":"Colorize Bedroom","switchId":1,"trigger":0},
{"id":6,"list":[{"code":108,"indent":0,"parameters":["Animate Colourization"]},{"code":122,"indent":0,"parameters":[3,3,0,0,255]},{"code":356,"indent":0,"parameters":["LAYER_S 7 2 Grey_Kitchen 1296 432 v003 1 0"]},{"code":356,"indent":0,"parameters":["LAYER REFRESH"]},{"code":112,"indent":0,"parameters":[]},{"code":111,"indent":1,"parameters":[1,3,1,5,1]},{"code":122,"indent":2,"parameters":[3,3,2,1,4]},{"code":356,"indent":2,"parameters":["LAYER_S 7 2 Grey_Kitchen 1296 432 v003 1 0"]},{"code":356,"indent":2,"parameters":["LAYER REFRESH"]},{"code":230,"indent":2,"parameters":[1]},{"code":0,"indent":2,"parameters":[]},{"code":411,"indent":1,"parameters":[]},{"code":122,"indent":2,"parameters":[3,3,0,0,0]},{"code":356,"indent":2,"parameters":["LAYER REMOVE 7 2"]},{"code":356,"indent":2,"parameters":["LAYER REFRESH"]},{"code":113,"indent":2,"parameters":[]},{"code":0,"indent":2,"parameters":[]},{"code":412,"indent":1,"parameters":[]},{"code":0,"indent":1,"parameters":[]},{"code":413,"indent":0,"parameters":[]},{"code":122,"indent":0,"parameters":[3,3,0,0,255]},{"code":0,"indent":0,"parameters":[]}],"name":"Colorize Kitchen","switchId":1,"trigger":0},
{"id":7,"list":[{"code":108,"indent":0,"parameters":["Animate Colourization"]},{"code":122,"indent":0,"parameters":[3,3,0,0,255]},{"code":356,"indent":0,"parameters":["LAYER_S 7 3 Grey_MusicRoom 48 48 v003 1 0"]},{"code":356,"indent":0,"parameters":["LAYER REFRESH"]},{"code":112,"indent":0,"parameters":[]},{"code":111,"indent":1,"parameters":[1,3,1,5,1]},{"code":122,"indent":2,"parameters":[3,3,2,1,4]},{"code":356,"indent":2,"parameters":["LAYER_S 7 3 Grey_MusicRoom 48 48 v003 1 0"]},{"code":356,"indent":2,"parameters":["LAYER REFRESH"]},{"code":230,"indent":2,"parameters":[1]},{"code":0,"indent":2,"parameters":[]},{"code":411,"indent":1,"parameters":[]},{"code":122,"indent":2,"parameters":[3,3,0,0,0]},{"code":356,"indent":2,"parameters":["LAYER REMOVE 7 3"]},{"code":356,"indent":2,"parameters":["LAYER REFRESH"]},{"code":113,"indent":2,"parameters":[]},{"code":0,"indent":2,"parameters":[]},{"code":412,"indent":1,"parameters":[]},{"code":0,"indent":1,"parameters":[]},{"code":413,"indent":0,"parameters":[]},{"code":122,"indent":0,"parameters":[3,3,0,0,255]},{"code":0,"indent":0,"parameters":[]}],"name":"Colorize Music Room","switchId":1,"trigger":0},
{"id":8,"list":[{"code":108,"indent":0,"parameters":["Animate Colourization"]},{"code":122,"indent":0,"parameters":[3,3,0,0,255]},{"code":356,"indent":0,"parameters":["LAYER_S 8 1 Grey_Basement 48 48 v003 1 0"]},{"code":356,"indent":0,"parameters":["LAYER REFRESH"]},{"code":112,"indent":0,"parameters":[]},{"code":111,"indent":1,"parameters":[1,3,1,5,1]},{"code":122,"indent":2,"parameters":[3,3,2,1,4]},{"code":356,"indent":2,"parameters":["LAYER_S 8 1 Grey_Basement 48 48 v003 1 0"]},{"code":356,"indent":2,"parameters":["LAYER REFRESH"]},{"code":230,"indent":2,"parameters":[1]},{"code":0,"indent":2,"parameters":[]},{"code":411,"indent":1,"parameters":[]},{"code":122,"indent":2,"parameters":[3,3,0,0,0]},{"code":356,"indent":2,"parameters":["LAYER REMOVE 8 1"]},{"code":356,"indent":2,"parameters":["LAYER REFRESH"]},{"code":113,"indent":2,"parameters":[]},{"code":0,"indent":2,"parameters":[]},{"code":412,"indent":1,"parameters":[]},{"code":0,"indent":1,"parameters":[]},{"code":413,"indent":0,"parameters":[]},{"code":122,"indent":0,"parameters":[3,3,0,0,255]},{"code":0,"indent":0,"parameters":[]}],"name":"Colorize Basement","switchId":1,"trigger":0},
{"id":9,"list":[{"code":0,"indent":0,"parameters":[]}],"name":"De-Colorize Bedroom","switchId":1,"trigger":0},
{"id":10,"list":[{"code":108,"indent":0,"parameters":["Animate Colourization"]},{"code":122,"indent":0,"parameters":[3,3,0,0,255]},{"code":356,"indent":0,"parameters":["LAYER_S 7 7 Grey_Picture 216 624 v0003 2 0 0.5 0.5 0 0"]},{"code":356,"indent":0,"parameters":["LAYER_S 7 4 Picture 216 624 v0003 1 0 0.5 0.5 0 0"]},{"code":356,"indent":0,"parameters":["LAYER REFRESH"]},{"code":112,"indent":0,"parameters":[]},{"code":111,"indent":1,"parameters":[1,3,1,5,1]},{"code":122,"indent":2,"parameters":[3,3,2,1,4]},{"code":356,"indent":2,"parameters":["LAYER_S 7 7 Grey_Picture 216 624 v0003 2 0 0.5 0.5 0 0"]},{"code":356,"indent":2,"parameters":["LAYER REFRESH"]},{"code":230,"indent":2,"parameters":[1]},{"code":0,"indent":2,"parameters":[]},{"code":411,"indent":1,"parameters":[]},{"code":122,"indent":2,"parameters":[3,3,0,0,0]},{"code":356,"indent":2,"parameters":["LAYER REMOVE 7 7"]},{"code":356,"indent":2,"parameters":["LAYER REFRESH"]},{"code":113,"indent":2,"parameters":[]},{"code":0,"indent":2,"parameters":[]},{"code":412,"indent":1,"parameters":[]},{"code":0,"indent":1,"parameters":[]},{"code":413,"indent":0,"parameters":[]},{"code":122,"indent":0,"parameters":[3,3,0,0,255]},{"code":0,"indent":0,"parameters":[]}],"name":"Colorize Denial Object","switchId":1,"trigger":0},
{"id":11,"list":[{"code":0,"indent":0,"parameters":[]}],"name":"","switchId":1,"trigger":0},
{"id":12,"list":[{"code":0,"indent":0,"parameters":[]}],"name":"","switchId":1,"trigger":0},
{"id":13,"list":[{"code":0,"indent":0,"parameters":[]}],"name":"","switchId":1,"trigger":0},
{"id":14,"list":[{"code":0,"indent":0,"parameters":[]}],"name":"","switchId":1,"trigger":0},
{"id":15,"list":[{"code":0,"indent":0,"parameters":[]}],"name":"","switchId":1,"trigger":0},
{"id":16,"list":[{"code":0,"indent":0,"parameters":[]}],"name":"","switchId":1,"trigger":0},
{"id":17,"list":[{"code":0,"indent":0,"parameters":[]}],"name":"","switchId":1,"trigger":0},
{"id":18,"list":[{"code":0,"indent":0,"parameters":[]}],"name":"","switchId":1,"trigger":0},
{"id":19,"list":[{"code":0,"indent":0,"parameters":[]}],"name":"","switchId":1,"trigger":0},
{"id":20,"list":[{"code":0,"indent":0,"parameters":[]}],"name":"","switchId":1,"trigger":0}
]