[
null,
{"id":1,"expanded":true,"name":"Demo House 1","order":2,"parentId":5,"scrollX":579,"scrollY":413.5},
{"id":2,"expanded":true,"name":"Tech Demo Puzzle 1","order":3,"parentId":1,"scrollX":579,"scrollY":413.5},
{"id":3,"expanded":false,"name":"Tech Demo Puzzle 3","order":5,"parentId":1,"scrollX":436.44444444444446,"scrollY":352},
{"id":4,"expanded":false,"name":"House","order":8,"parentId":0,"scrollX":436.44444444444446,"scrollY":352},
{"id":5,"expanded":true,"name":"Opening","order":1,"parentId":0,"scrollX":436.44444444444446,"scrollY":352},
{"id":6,"expanded":true,"name":"Tech Demo Puzzle 2","order":4,"parentId":1,"scrollX":579,"scrollY":413.5},
{"id":7,"expanded":true,"name":"House","order":6,"parentId":5,"scrollX":571,"scrollY":405.5},
{"id":8,"expanded":false,"name":"Basement","order":7,"parentId":7,"scrollX":579,"scrollY":413.5}
]